{"buildingAssetsObjects":[{"subType":1,"iconPath":"building/factory/factory.png","name":"factory"},{"subType":2,"iconPath":"building/barrack/barrack.png","name":"barrack"},{"subType":3,"iconPath":"building/mine/mine.png","name":"mine"},{"subType":4,"iconPath":"building/lab/lab.png","name":"lab"},{"subType":5,"iconPath":"building/farm/farm.png","name":"farm"}],"botAssetsObjects":[{"type":"bot","name":"melee","animation":{"animations":[{"animatedObjectName":"melee","animation":"idle","framesCount":8,"animationType":"multipleDirections","loop":true,"frequency":1},{"animatedObjectName":"melee","animation":"move","framesCount":8,"animationType":"multipleDirections","loop":true,"frequency":1}]}},{"type":"bot","name":"dragon","animation":{"animations":[{"animatedObjectName":"dragon","animation":"idle","framesCount":9,"animationType":"multipleDirections","loop":true,"frequency":1},{"animatedObjectName":"dragon","animation":"death","framesCount":12,"animationType":"multipleDirections","loop":false,"frequency":3},{"animatedObjectName":"dragon","animation":"attack","framesCount":12,"animationType":"multipleDirections","loop":false,"frequency":1},{"animatedObjectName":"dragon","animation":"move","framesCount":9,"animationType":"multipleDirections","loop":true,"frequency":1}]}}],"bulletAssetsObjects":[{"type":"bullet","name":"melee","animation":{"animations":[{"animatedObjectName":"fireball","animation":"flight","framesCount":8,"animationType":"standard","loop":true,"frequency":3},{"animatedObjectName":"fireball","animation":"hit","framesCount":7,"animationType":"standard","loop":false,"frequency":3}]}},{"type":"bullet","name":"melee","animation":{"animations":[{"animatedObjectName":"flame","animation":"flight","framesCount":8,"animationType":"standard","loop":true,"frequency":3},{"animatedObjectName":"flame","animation":"hit","framesCount":7,"animationType":"standard","loop":false,"frequency":3}]}}],"playerAssetsObjects":[{"type":"player","name":"standard","animation":{"animations":[{"animatedObjectName":"standard","animation":"idle","framesCount":15,"animationType":"multipleDirections","loop":true,"frequency":1},{"animatedObjectName":"standard","animation":"attack","framesCount":15,"animationType":"multipleDirections","loop":false,"frequency":1}]}}]}