{
  "playersAssetsObjects": [
    {
      "type": 1,
      "iconPath": "/player/player.png"
    }
  ],
  "buildingAssetsObjects": [
    {
      "type": 2,
      "subType": 1,
      "iconPath": "/building/factory/factory.png"
    },
    {
      "type": 2,
      "subType": 2,
      "iconPath": "/building/factory/barrack.png"
    },
    {
      "type": 2,
      "subType": 3,
      "iconPath": "/building/factory/mine.png"
    },
    {
      "type": 2,
      "subType": 4,
      "iconPath": "/building/factory/lab.png"
    },
    {
      "type": 2,
      "subType": 5,
      "iconPath": "building/factory/farm.png"
    }
  ]
}