{
  "playersAssetsObjects": [
    {
      "type": 1,
      "iconPath": "/player/player.png"
    }
  ],
  "buildingAssetsObjects": [
    {
      "type": 2,
      "subType": 1,
      "iconPath": "/building/factory/factory.png"
    },
    {
      "type": 2,
      "subType": 2,
      "iconPath": "/building/barrack/barrack.png"
    },
    {
      "type": 2,
      "subType": 3,
      "iconPath": "/building/mine/mine.png"
    },
    {
      "type": 2,
      "subType": 4,
      "iconPath": "/building/lab/lab.png"
    },
    {
      "type": 2,
      "subType": 5,
      "iconPath": "building/farm/farm.png"
    }
  ]
}